City_ID,City,Lat,Max Temp,Humidity,Cloudiness,Wind Speed,Country,Date
0,tuatapere,-46.13,55.99,63,31,8.99,NZ,1603236764
1,mataura,-46.19,55.99,63,25,8.99,NZ,1603236792
2,vaini,-21.2,77.0,65,75,10.29,TO,1603236877
3,upernavik,72.79,33.35,90,100,1.72,GL,1603236932
4,mumford,5.26,77.13,89,92,10.09,GH,1603236970
5,vostok,46.49,43.59,63,67,4.32,RU,1603236909
6,marsh harbour,26.54,81.32,75,100,23.29,BS,1603236736
7,ponta do sol,32.67,66.2,68,20,2.24,PT,1603236861
8,kavieng,-2.57,82.0,78,92,9.15,PG,1603236732
9,port elizabeth,-33.92,53.6,81,1,5.82,ZA,1603236739
10,bluff,-46.6,55.99,63,59,8.99,NZ,1603236865
11,dikson,73.51,23.22,96,89,5.46,RU,1603236683
12,mahebourg,-20.41,75.2,73,20,9.17,MU,1603236872
13,atlantic city,39.36,64.4,93,1,5.82,US,1603236971
14,te horo,-40.81,61.0,79,98,5.01,NZ,1603236971
15,rikitea,-23.12,73.8,78,0,13.6,PF,1603236574
16,belmonte,-15.86,73.4,94,75,6.22,BR,1603236971
17,lerwick,60.15,48.2,93,100,25.28,GB,1603236903
18,longhua,23.61,65.53,72,49,4.25,CN,1603236972
19,cape town,-33.93,53.01,81,0,3.36,ZA,1603236803
20,saskylakh,71.92,19.85,97,96,8.48,RU,1603236864
21,qaanaaq,77.48,20.7,82,0,6.06,GL,1603236821
22,mogadishu,2.04,78.98,81,27,11.07,SO,1603236718
23,jiexiu,37.02,47.5,42,0,9.15,CN,1603236973
24,morro da fumaca,-28.65,66.61,90,0,2.42,BR,1603236973
25,punta arenas,-53.15,46.4,52,75,8.05,CL,1603236862
26,coahuayana,18.73,82.4,78,75,11.41,MX,1603236941
27,hilo,19.73,87.8,45,1,11.41,US,1603236618
28,hobart,-42.88,63.0,54,75,5.82,AU,1603236858
29,georgetown,5.41,78.8,88,20,2.24,MY,1603236589
30,tarakan,3.3,79.83,82,100,5.46,ID,1603236974
31,isangel,-19.55,84.2,66,40,6.93,VU,1603236778
32,albany,42.6,60.01,81,100,3.36,US,1603236657
33,beaverton,45.49,63.0,63,90,5.82,US,1603236974
34,misratah,32.38,70.36,58,1,7.61,LY,1603236974
35,ushuaia,-54.8,42.8,81,40,6.93,AR,1603236856
36,butaritari,3.07,82.06,77,80,12.82,KI,1603236872
37,iwanai,42.97,55.53,52,0,5.32,JP,1603236975
38,gillette,44.29,42.8,77,90,4.7,US,1603236917
39,kumluca,36.37,69.51,60,94,2.84,TR,1603236975
40,northview,43.05,48.2,66,75,9.17,US,1603236975
41,batagay,67.63,8.1,93,94,3.44,RU,1603236940
42,torbay,47.67,55.99,93,90,12.75,CA,1603236897
43,leningradskiy,69.38,36.84,80,100,9.91,RU,1603236938
44,busselton,-33.65,63.0,56,0,7.16,AU,1603236720
45,amuntai,-2.42,79.81,75,99,1.41,ID,1603236860
46,nanortalik,60.14,36.12,93,99,12.64,GL,1603236745
47,kapaa,22.08,82.0,88,90,8.05,US,1603236854
48,bubaque,11.28,82.02,81,2,11.54,GW,1603236976
49,te anau,-45.42,53.22,50,10,6.17,NZ,1603236909
50,ribeira grande,38.52,63.5,65,88,26.73,PT,1603236864
51,little current,45.98,41.0,60,75,5.82,CA,1603236976
52,seoul,37.57,57.2,67,90,3.53,KR,1603236704
53,atuona,-9.8,78.04,73,2,16.37,PF,1603236792
54,aleksandrov gay,50.15,41.65,64,13,9.95,RU,1603236977
55,lebu,-37.62,50.47,74,14,19.42,CL,1603236577
56,hovd,48.01,27.57,84,7,1.16,MN,1603236880
57,puerto escondido,15.85,82.4,65,75,4.7,MX,1603236784
58,srednekolymsk,67.45,18.36,96,94,5.73,RU,1603236867
59,katsuura,35.13,63.0,72,20,16.11,JP,1603236902
60,avarua,-21.21,77.0,94,43,5.82,CK,1603236862
61,dingle,11.0,81.9,83,97,11.54,PH,1603236883
62,xining,36.62,35.33,68,0,1.74,CN,1603236978
63,tabuk,17.42,76.64,89,100,2.55,PH,1603236979
64,lensk,60.73,20.77,96,88,4.83,RU,1603236979
65,mareeba,-17.0,87.01,58,40,5.82,AU,1603236979
66,san quintin,30.48,70.75,76,1,12.39,MX,1603236713
67,pafos,34.77,68.0,64,20,6.93,CY,1603236780
68,moose factory,51.26,30.2,74,1,1.95,CA,1603236979
69,marystown,47.17,57.99,100,100,5.01,CA,1603236788
70,kodiak,57.79,48.2,42,1,19.46,US,1603236862
71,satipo,-11.25,71.82,81,83,2.26,PE,1603236980
72,tuktoyaktuk,69.45,23.0,92,90,14.99,CA,1603236868
73,olafsvik,64.89,42.89,81,100,11.25,IS,1603236864
74,narsaq,60.92,32.0,92,99,3.36,GL,1603236764
75,nabire,-3.37,75.29,93,100,2.33,ID,1603236980
76,portland,45.52,63.0,55,75,5.82,US,1603236772
77,nurota,40.56,46.4,45,0,6.93,UZ,1603236981
78,nouadhibou,20.93,78.8,50,1,17.22,MR,1603236797
79,new norfolk,-42.78,63.0,55,95,1.99,AU,1603236717
80,tiksi,71.69,8.67,92,97,10.07,RU,1603236719
81,jamestown,42.1,48.0,93,90,6.93,US,1603236710
82,bay roberts,47.6,55.0,93,90,12.75,CA,1603236981
83,mar del plata,-38.0,53.01,71,12,3.36,AR,1603236857
84,ambon,-3.7,75.2,94,20,4.7,ID,1603236982
85,chuy,-33.7,57.11,78,100,14.74,UY,1603236831
86,port hedland,-20.32,77.0,83,86,9.17,AU,1603236982
87,mahibadhoo,3.78,82.17,79,80,12.46,MV,1603236982
88,muros,42.78,59.0,91,100,13.0,ES,1603236861
89,semirom,31.42,31.8,82,0,2.51,IR,1603236982
90,houma,29.6,82.4,69,1,12.75,US,1603236982
91,vanavara,60.34,23.56,98,91,4.81,RU,1603236927
92,kashi,39.45,50.0,25,0,11.18,CN,1603236927
93,balaipungut,1.05,75.56,93,44,1.39,ID,1603236983
94,mahina,-17.51,86.0,62,20,13.87,PF,1603236983
95,bredasdorp,-34.53,42.8,87,0,4.7,ZA,1603236855
96,buzmeyin,38.05,60.8,26,0,6.93,TM,1603236687
97,malinao,7.59,73.47,86,100,2.44,PH,1603236983
98,liverpool,53.41,57.2,87,75,10.29,GB,1603236853
99,pakxan,18.38,69.94,82,98,6.13,LA,1603236984
100,arraial do cabo,-22.97,72.93,83,3,21.25,BR,1603236721
101,akcaabat,41.02,60.8,87,75,10.29,TR,1603236984
102,tocopilla,-22.09,60.64,64,28,3.58,CL,1603236713
103,jiuquan,39.74,39.58,57,0,1.52,CN,1603236906
104,fort morgan,40.25,57.2,44,1,11.41,US,1603236985
105,saint-leu,-21.15,71.6,60,46,6.93,RE,1603236985
106,iqaluit,63.75,30.2,80,90,6.93,CA,1603236612
107,yulara,-25.24,82.4,42,0,9.17,AU,1603236907
108,esperance,-33.87,59.0,100,90,14.99,AU,1603236891
109,khatanga,71.97,5.67,95,83,8.01,RU,1603236853
110,barrow,71.29,24.8,85,75,11.41,US,1603236865
111,hermanus,-34.42,45.0,93,0,1.01,ZA,1603236851
112,saint-philippe,-21.36,71.6,60,28,6.93,RE,1603236731
113,clyde river,70.47,28.4,79,40,13.87,CA,1603236929
114,jati,24.35,79.02,54,11,7.45,PK,1603236986
115,boa vista,2.82,87.8,48,75,5.82,BR,1603236986
116,port alfred,-33.59,56.28,74,3,9.62,ZA,1603236801
117,klaksvik,62.23,39.2,71,17,5.82,FO,1603236814
118,kukushtan,57.65,35.6,93,75,8.95,RU,1603236987
119,matay,28.42,71.98,59,0,11.65,EG,1603236987
120,taltal,-25.4,60.78,66,26,4.23,CL,1603236987
121,maningrida,-12.07,86.32,53,0,4.23,AU,1603236929
122,south valley,35.01,80.6,9,40,3.33,US,1603236988
123,catamarca,-28.47,64.0,99,96,1.01,AR,1603236988
124,sao filipe,14.9,84.07,61,100,7.7,CV,1603236881
125,calama,-22.47,68.0,15,16,21.92,CL,1603236988
126,kearney,40.7,60.8,44,1,8.05,US,1603236884
127,bara,10.37,76.37,53,43,5.08,NG,1603236988
128,chokurdakh,70.63,9.97,96,87,4.68,RU,1603236712
129,megion,61.03,35.6,93,90,2.24,RU,1603236989
130,marfino,55.7,36.0,80,75,13.42,RU,1603236909
131,guerrero negro,27.98,73.78,73,5,17.72,MX,1603236870
132,el alto,-4.27,63.05,89,20,13.44,PE,1603236989
133,noumea,-22.28,82.99,61,20,10.29,NC,1603236989
134,geilo,60.53,30.0,88,100,0.56,NO,1603236989
135,cotonou,6.37,80.6,88,40,10.29,BJ,1603236989
136,sistranda,63.73,35.6,80,100,9.17,NO,1603236745
137,bereda,43.27,55.99,100,100,7.0,ES,1603236990
138,namatanai,-3.67,85.06,67,54,0.78,PG,1603236860
139,jaen,38.0,66.69,51,100,5.79,ES,1603236910
140,touros,-5.2,77.0,83,20,3.36,BR,1603236912
141,puerto ayora,-0.74,69.01,92,78,7.0,EC,1603236856
142,muncar,-8.43,81.7,77,23,5.17,ID,1603236991
143,lianzhou,24.78,62.35,75,48,6.08,CN,1603236991
144,boone,39.03,51.8,87,90,6.93,US,1603236949
145,yumen,40.28,41.63,52,0,7.83,CN,1603236933
146,saint-denis,48.92,55.99,100,90,8.05,FR,1603236992
147,ankazoabo,-22.28,69.17,42,0,6.24,MG,1603236992
148,fortuna,40.6,66.99,59,1,18.34,US,1603236739
149,maniitsoq,65.42,33.42,89,100,19.55,GL,1603236939
150,ternate,0.8,83.17,68,32,5.46,ID,1603236992
151,sorong,-0.88,80.6,78,54,5.64,ID,1603236780
152,hithadhoo,-0.6,81.79,81,79,14.52,MV,1603236856
153,bardsir,29.92,35.6,17,0,6.93,IR,1603236993
154,ilulissat,69.22,35.6,80,100,11.41,GL,1603236715
155,ostrovnoy,68.05,36.88,80,100,13.8,RU,1603236860
156,tura,25.52,71.44,92,0,2.82,IN,1603236993
157,katherine,-14.47,87.8,58,0,10.29,AU,1603236993
158,saint george,37.1,87.01,9,1,5.82,US,1603236580
159,saint-georges,12.06,84.2,79,13,17.22,GD,1603236897
160,burgeo,47.62,54.46,93,94,14.94,CA,1603236994
161,urgut,39.4,51.8,42,0,4.7,UZ,1603236994
162,castro,-24.79,65.82,83,68,3.62,BR,1603236597
163,pevek,69.7,30.83,95,99,17.27,RU,1603236745
164,totness,5.88,81.82,79,86,12.5,SR,1603236994
165,port lincoln,-34.73,61.77,72,12,13.15,AU,1603236722
166,hami,42.8,45.1,51,0,4.23,CN,1603236719
167,mahur,25.17,66.61,99,43,0.92,IN,1603236995
168,mitsamiouli,-11.38,78.58,72,0,2.26,KM,1603236843
169,takhtamygda,54.1,30.76,95,100,11.16,RU,1603236995
170,richards bay,-28.78,67.42,73,88,9.13,ZA,1603236778
171,kroya,-7.63,79.23,84,98,0.51,ID,1603236995
172,sambava,-14.27,74.62,83,100,14.83,MG,1603236996
173,camacha,33.08,68.0,68,40,17.22,PT,1603236837
174,panaba,21.28,76.8,92,29,5.88,MX,1603236996
175,mayor pablo lagerenza,-19.93,78.01,75,66,3.71,PY,1603236996
176,cayenne,4.93,82.4,78,100,5.82,GF,1603236934
177,boo,59.33,46.0,100,100,5.82,SE,1603236996
178,baruun-urt,46.68,21.58,82,45,11.77,MN,1603236996
179,caravelas,-17.71,73.29,93,91,1.32,BR,1603236930
180,bambous virieux,-20.34,75.2,73,20,9.17,MU,1603236723
181,tezu,27.92,68.85,79,7,3.31,IN,1603236878
182,atherton,53.52,57.99,81,65,3.0,GB,1603236997
183,birobidzhan,48.8,38.19,76,100,5.17,RU,1603236997
184,altamira,-3.2,78.87,70,87,0.16,BR,1603236939
185,kirgiz-miyaki,53.63,34.63,85,25,6.91,RU,1603236998
186,papetoai,-17.5,86.0,62,20,13.87,PF,1603236998
187,constitucion,-35.33,52.29,77,0,16.42,CL,1603236918
188,hasaki,35.73,61.0,82,20,9.17,JP,1603236794
189,cabo san lucas,22.89,89.6,35,5,11.41,MX,1603236755
190,toora-khem,52.47,24.44,93,99,2.37,RU,1603236890
191,east london,-33.02,58.35,68,5,7.96,ZA,1603236804
192,los llanos de aridane,28.66,75.2,50,42,11.41,ES,1603236880
193,karratha,-20.74,76.53,43,36,11.72,AU,1603236726
194,felipe carrillo puerto,19.58,75.27,96,51,2.39,MX,1603236999
195,antalaha,-14.9,72.36,87,100,11.23,MG,1603236872
196,krasnoarmeysk,51.02,39.99,64,33,3.0,RU,1603236999
197,mildura,-34.2,71.6,33,55,4.7,AU,1603236999
198,kaitangata,-46.28,55.35,49,72,0.63,NZ,1603236767
199,puerto carreno,6.19,81.79,76,73,5.1,CO,1603237000
200,severo-kurilsk,50.68,42.42,65,62,26.15,RU,1603236870
201,yellowknife,62.46,25.0,85,75,13.87,CA,1603236574
202,faanui,-16.48,78.84,81,45,15.01,PF,1603236856
203,azul,-36.78,50.92,66,1,11.68,AR,1603236988
204,jabinyanah,35.03,69.8,68,0,6.93,TN,1603237000
205,tupik,54.43,23.32,93,96,7.83,RU,1603237000
206,osypenko,46.91,43.0,100,47,7.0,UA,1603236760
207,biloela,-24.42,78.78,54,56,10.0,AU,1603236702
208,pesaro,43.9,52.0,100,34,2.24,IT,1603237001
209,shepetivka,50.19,41.56,76,51,7.0,UA,1603237001
210,prince rupert,54.32,42.8,93,90,3.36,CA,1603237001
211,djougou,9.71,74.52,74,28,2.86,BJ,1603237001
212,omboue,-1.57,76.28,89,99,6.69,GA,1603236889
213,arlit,18.74,86.54,13,0,6.89,NE,1603237002
214,mogyorod,47.6,46.0,86,76,5.82,HU,1603237002
215,agen,44.2,66.2,63,100,19.46,FR,1603236924
216,florianopolis,-27.61,72.0,94,20,8.05,BR,1603237002
217,huilong,31.81,68.0,93,100,5.95,CN,1603237002
218,bethel,41.37,63.0,93,1,4.7,US,1603236869
219,port macquarie,-31.43,73.0,53,1,1.99,AU,1603236935
220,cabo rojo,18.09,82.0,88,45,1.99,PR,1603236936
221,souillac,-20.52,75.2,73,20,9.17,MU,1603236853
222,taoudenni,22.68,80.33,18,0,9.78,ML,1603236883
223,talnakh,69.49,8.6,84,75,2.24,RU,1603236866
224,yar-sale,66.83,25.66,99,100,3.85,RU,1603236890
225,dire,12.28,76.6,63,42,2.66,ML,1603237004
226,haines junction,60.75,30.15,79,99,5.41,CA,1603237004
227,umba,66.69,31.17,96,82,8.68,RU,1603237004
228,kropotkin,45.44,50.0,59,0,4.7,RU,1603236888
229,thompson,55.74,28.4,74,90,3.36,CA,1603236718
230,shingu,33.73,66.2,63,20,4.7,JP,1603237004
231,cherskiy,68.75,22.51,97,95,6.69,RU,1603236890
232,malakal,9.53,74.08,79,33,3.02,SS,1603237005
233,port hardy,50.7,53.6,62,40,6.93,CA,1603236602
234,sidrolandia,-20.93,71.6,83,75,4.7,BR,1603237005
235,kirakira,-10.45,83.07,71,98,11.88,SB,1603237005
236,dunedin,-45.87,53.91,58,90,3.76,NZ,1603236812
237,wanning,18.8,72.77,85,90,15.37,CN,1603236873
238,alihe,50.57,38.35,76,100,0.49,CN,1603236770
239,poum,-20.23,75.34,65,0,3.31,NC,1603236728
240,vanimo,-2.67,82.42,77,98,3.6,PG,1603236897
241,stokmarknes,68.56,36.0,64,65,5.01,NO,1603237006
242,kieta,-6.22,85.62,64,56,4.23,PG,1603236814
243,ismailia,30.6,71.31,87,0,6.49,EG,1603236811
244,viedma,-40.81,59.0,31,54,1.99,AR,1603236854
245,bengkulu,-3.8,77.92,78,88,3.06,ID,1603236905
246,coihaique,-45.58,55.4,50,64,3.36,CL,1603236750
247,varca,15.22,77.0,100,90,2.24,IN,1603237007
248,jibuti,11.5,80.6,44,1,3.36,DJ,1603237007
249,inongo,-1.95,71.08,93,91,5.01,CD,1603236924
250,tasiilaq,65.61,32.0,93,100,17.22,GL,1603236880
251,bandarbeyla,9.49,78.28,72,0,8.12,SO,1603236857
252,victor harbor,-35.57,61.0,77,70,7.76,AU,1603236738
253,cockburn town,21.46,82.4,69,40,6.93,TC,1603236937
254,saint-joseph,-21.37,71.6,60,28,6.93,RE,1603236926
255,santo domingo,18.5,82.99,78,40,1.21,DO,1603236717
256,severnyy,50.68,33.8,86,0,6.71,RU,1603237008
257,salalah,17.02,78.15,43,74,1.43,OM,1603236889
258,hervey bay,-25.3,78.01,60,75,11.41,AU,1603236883
259,dali,25.7,55.98,90,99,3.51,CN,1603237009
260,saint anthony,45.02,32.0,99,90,6.93,US,1603236864
261,san ramon,37.78,90.0,13,1,5.82,US,1603236884
262,umea,63.83,36.0,90,40,5.82,SE,1603237009
263,ferme-neuve,46.7,36.81,83,96,1.34,CA,1603237009
264,wapi pathum,15.85,71.6,94,20,4.7,TH,1603237010
265,maumere,-8.62,83.59,65,83,1.48,ID,1603237010
266,damghan,36.17,52.84,43,0,1.95,IR,1603236751
267,morro bay,35.37,70.0,67,1,3.0,US,1603237010
268,henties bay,-22.12,57.0,87,0,3.78,NA,1603236896
269,beringovskiy,63.05,41.56,87,99,11.92,RU,1603236868
270,labuhan,-6.88,82.96,73,12,7.2,ID,1603237011
271,namibe,-15.2,66.7,84,61,4.41,AO,1603237011
272,berbera,10.44,83.05,54,0,5.12,SO,1603237011
273,kutum,14.2,73.31,19,0,8.23,SD,1603236719
274,paithan,19.48,74.52,87,100,2.8,IN,1603237011
275,sao joao da barra,-21.64,72.54,84,98,10.38,BR,1603237011
276,miri,4.41,75.2,94,20,4.7,MY,1603237012
277,balykshi,47.07,41.0,55,43,6.71,KZ,1603237012
278,chimbote,-9.09,63.23,83,13,7.9,PE,1603236907
279,samarai,-10.62,80.47,82,96,8.12,PG,1603236850
280,bathsheba,13.22,82.4,74,20,9.17,BB,1603236847
281,massaguet,12.48,77.0,78,0,5.82,TD,1603237012
282,nikolskoye,59.7,33.01,92,75,1.79,RU,1603236872
283,kamenka,51.32,35.74,85,10,10.89,RU,1603237013
284,alofi,-19.06,77.0,78,90,18.34,NU,1603236784
285,kruisfontein,-34.0,53.01,83,0,5.17,ZA,1603236739
286,carnarvon,-24.87,68.0,72,69,16.11,AU,1603236884
287,carutapera,-1.2,77.85,83,34,6.85,BR,1603236887
288,gorkovskiy,45.65,46.83,63,3,5.5,RU,1603237013
289,longyearbyen,78.22,23.0,79,5,8.05,SJ,1603236893
290,dakar,14.69,84.2,79,98,10.22,SN,1603237014
291,lopatino,52.62,36.16,83,34,11.45,RU,1603237014
292,palmer,42.16,64.4,88,75,1.68,US,1603236866
293,shalinskoye,55.72,36.07,91,100,10.16,RU,1603237014
294,termiz,37.22,48.2,61,0,2.24,UZ,1603237014
295,mount gambier,-37.83,55.4,82,90,10.29,AU,1603237015
296,chanika,-5.42,66.15,95,72,3.09,TZ,1603237015
297,shenyang,41.79,60.8,48,90,11.18,CN,1603237015
298,tamale,9.4,77.32,80,0,4.79,GH,1603236819
299,okhotsk,59.38,26.33,79,95,8.99,RU,1603236894
300,kazanskoye,55.64,44.56,87,100,6.98,RU,1603237015
301,varnamo,57.19,46.99,93,100,1.01,SE,1603237015
302,airai,-8.93,74.57,40,77,2.95,TL,1603236860
303,galesong,-5.32,75.2,88,20,2.24,ID,1603237016
304,shirokiy,49.76,45.79,73,100,18.66,RU,1603237016
305,alta floresta,-9.88,82.42,53,96,1.77,BR,1603236915
306,puro,12.48,82.71,80,99,15.43,PH,1603237016
307,kurilsk,45.23,46.92,54,0,6.73,RU,1603237016
308,honiara,-9.43,86.0,70,20,9.17,SB,1603237016
309,shipunovo,52.16,37.85,70,32,6.15,RU,1603237017
310,san patricio,28.02,82.4,65,20,11.41,US,1603236867
311,pultusk,52.7,48.0,72,100,11.63,PL,1603237017
312,krasnoselkup,65.7,25.14,98,100,9.89,RU,1603236725
313,kushima,31.46,68.0,77,75,4.7,JP,1603236872
314,buluang,13.31,81.43,84,99,10.89,PH,1603237017
315,rio branco,-9.97,75.2,94,90,5.82,BR,1603237017
316,darhan,49.49,27.95,80,71,1.52,MN,1603237018
317,cassilandia,-19.11,73.27,81,100,3.02,BR,1603237018
318,loei,17.42,60.85,100,100,1.81,TH,1603237018
319,havre-saint-pierre,50.23,44.6,100,90,20.8,CA,1603237018
320,naze,28.37,78.8,78,75,16.11,JP,1603236893
321,pangnirtung,66.15,26.6,100,90,2.06,CA,1603236735
322,gold coast,-28.0,78.01,49,6,5.82,AU,1603237019
323,ngaoundere,7.32,65.5,71,14,2.17,CM,1603237019
324,hualmay,-11.1,63.16,82,46,6.6,PE,1603236761
325,lagoa,39.05,62.89,66,59,26.62,PT,1603236751
326,lasa,46.62,50.0,100,40,3.11,IT,1603236904
327,svetlogorsk,52.63,39.85,88,99,5.95,BY,1603236755
328,sterling,39.01,68.0,68,40,4.7,US,1603237020
329,aliaga,15.52,77.0,94,90,16.11,PH,1603237020
330,mudgee,-32.59,64.0,77,90,5.82,AU,1603237020
331,alice springs,-23.7,82.4,39,75,9.17,AU,1603236802
332,marawi,8.0,78.01,88,100,4.0,PH,1603236824
333,letnik,46.01,47.23,64,9,7.0,RU,1603237020
334,ajdabiya,30.76,66.02,73,0,10.25,LY,1603237021
335,kunnamangalam,11.3,75.2,94,90,3.36,IN,1603237021
336,teya,60.38,29.07,97,100,3.76,RU,1603236749
337,ujiie,36.68,57.2,76,20,6.93,JP,1603237021
338,tautira,-17.73,86.0,62,20,13.87,PF,1603236877
339,dumas,35.87,82.4,23,1,9.1,US,1603237021
340,iquitos,-3.75,82.4,83,40,2.84,PE,1603236846
341,rockhampton,-23.38,80.6,54,75,6.93,AU,1603236907
342,mashhad,36.3,50.0,43,0,4.7,IR,1603237022
343,kindu,-2.95,69.1,97,94,2.15,CD,1603236904
344,cilegon,-6.02,77.0,88,20,5.82,ID,1603237022
345,asau,46.43,37.4,93,0,4.7,RO,1603236884
346,hofn,64.25,36.1,75,1,8.1,IS,1603237022
347,pisco,-13.7,66.0,77,2,13.87,PE,1603236910
348,nishihara,26.18,80.6,74,90,17.22,JP,1603237023
349,aranos,-24.13,60.76,32,1,9.62,NA,1603237023
350,truth or consequences,33.13,86.0,8,1,5.82,US,1603237023
351,alappuzha,9.49,78.46,84,100,6.85,IN,1603237023
352,ancud,-41.87,48.99,66,0,6.93,CL,1603236731
353,pokhara,28.23,64.42,50,15,5.75,NP,1603237023
354,sangar,63.92,16.81,95,100,9.01,RU,1603237024
355,melfort,52.87,30.2,50,75,5.82,CA,1603237024
356,provideniya,64.38,42.8,87,90,15.66,RU,1603236859
357,kamina,-8.74,64.69,96,81,3.71,CD,1603237024
358,lengshuijiang,27.69,53.53,85,100,1.32,CN,1603237024
359,warrnambool,-38.38,57.0,82,17,3.02,AU,1603236815
360,male,4.17,82.4,83,75,11.41,MV,1603237011
361,kabare,-2.47,60.37,86,63,1.68,CD,1603237025
362,miranda,3.25,80.6,61,75,10.29,CO,1603237025
363,acapulco,16.86,86.0,79,75,8.05,MX,1603236937
364,aklavik,68.22,23.0,79,90,14.99,CA,1603236852
365,batemans bay,-35.72,66.99,79,63,1.01,AU,1603237025
366,mikhaylovka,50.06,39.0,71,23,5.01,RU,1603237026
367,acarau,-2.89,78.98,75,12,16.93,BR,1603237026
368,launceston,-41.45,59.0,66,75,8.05,AU,1603237026
369,conde,-7.26,77.0,83,40,5.82,BR,1603236919
370,san cristobal,7.77,80.6,78,40,5.82,VE,1603236866
371,matara,5.95,77.67,88,14,10.22,LK,1603236871
372,sao tome,0.34,78.69,82,97,8.21,ST,1603237026
373,hay river,60.82,24.8,73,75,19.46,CA,1603236892
374,kalmunai,7.42,77.81,77,28,5.14,LK,1603237027
375,kloulklubed,7.04,78.8,88,90,4.7,PW,1603236861
376,sechura,-5.56,68.25,70,28,15.19,PE,1603236893
377,medowie,-32.73,75.0,60,40,12.75,AU,1603237027
378,kavaratti,10.57,81.09,74,99,10.8,IN,1603236934
379,stanghelle,60.55,46.0,95,100,4.88,NO,1603237027
380,bambanglipuro,-7.95,80.2,78,95,2.37,ID,1603237027
381,huarmey,-10.07,64.42,79,33,7.18,PE,1603237028
382,gladstone,-23.85,77.0,65,75,9.17,AU,1603237028
383,seminole,28.71,79.0,78,1,4.7,US,1603237028
384,sosnovo-ozerskoye,52.52,17.89,93,24,6.91,RU,1603237028
385,russell,32.35,78.8,69,1,3.36,US,1603237028
386,ballina,-28.87,75.99,53,3,5.82,AU,1603236896
387,boyabat,41.47,52.88,82,88,1.19,TR,1603237029
388,lufilufi,-13.87,82.4,94,90,3.36,WS,1603237029
389,carsamba,41.2,59.0,87,75,1.12,TR,1603237029
390,general roca,-39.03,73.4,25,40,23.04,AR,1603237029
391,monaghan,54.25,55.0,87,90,13.87,IE,1603236988
392,arua,3.02,64.36,98,100,1.1,UG,1603237029
393,tuyen quang,21.82,68.18,76,100,1.97,VN,1603237030
394,zhigansk,66.77,15.85,97,100,2.44,RU,1603236841
395,husavik,66.04,24.8,85,82,4.7,IS,1603236800
396,vila do maio,15.13,80.6,78,95,8.05,CV,1603237030
397,vardo,70.37,38.52,75,87,5.48,NO,1603236720
398,khartoum,15.55,84.99,20,0,9.17,SD,1603236803
399,khovu-aksy,51.13,25.45,89,20,3.42,RU,1603237031
400,sao gabriel da cachoeira,-0.13,81.59,72,83,1.39,BR,1603237031
401,fort frances,48.6,30.0,92,90,12.75,CA,1603237031
402,gibara,21.11,75.2,83,75,4.7,CU,1603237031
403,pangody,65.85,26.2,98,100,6.78,RU,1603237031
404,soe,-9.86,81.68,42,90,3.13,ID,1603237031
405,kamalapuram,14.58,74.8,89,100,4.72,IN,1603237032
406,coquimbo,-29.95,55.4,87,20,10.29,CL,1603237016
407,balkanabat,39.51,56.44,79,32,3.67,TM,1603237032
408,stepnyak,52.83,45.25,56,63,10.94,KZ,1603237032
409,fatehabad,29.52,69.49,23,0,5.86,IN,1603237032
410,garowe,8.41,77.07,76,0,5.7,SO,1603237032
411,binga,-17.62,76.17,28,0,4.0,ZW,1603236847
412,porto walter,-8.27,74.64,90,87,3.98,BR,1603237033
413,tual,-5.67,77.59,89,100,12.66,ID,1603236857
414,sitka,57.05,44.6,70,40,5.82,US,1603236804
415,komsomolskiy,40.43,55.4,50,0,6.93,UZ,1603236864
416,rabo de peixe,37.8,60.8,67,40,11.41,PT,1603236875
417,walvis bay,-22.96,57.0,81,0,8.05,NA,1603236871
418,benghazi,32.12,69.48,63,7,9.22,LY,1603236792
419,mayma,52.02,38.32,73,90,5.46,RU,1603237033
420,auki,-8.77,84.16,72,100,4.34,SB,1603236926
421,la palma,33.85,79.0,54,1,10.29,US,1603237034
422,sorland,67.67,42.04,64,3,17.6,NO,1603236786
423,herat,34.5,43.2,55,0,6.08,AF,1603237034
424,dawei,14.08,74.77,85,100,4.32,MM,1603237034
425,belize,17.25,86.0,66,40,9.17,BZ,1603237034
426,isla vista,34.41,77.0,77,90,6.93,US,1603237034
427,la asuncion,11.03,75.2,94,9,11.41,VE,1603237035
428,lujan,-34.57,57.0,51,70,4.0,AR,1603237035
429,ketchikan,55.34,46.4,81,20,3.36,US,1603236890
430,geraldton,-28.77,66.2,72,75,13.87,AU,1603236612
431,ambilobe,-13.2,72.52,77,24,3.6,MG,1603237035
432,aguimes,27.91,75.2,73,75,9.17,ES,1603237035
433,nalut,30.33,61.68,38,3,16.75,LY,1603236883
434,andenes,69.31,28.4,79,7,8.05,NO,1603236908
435,phan thiet,10.93,77.47,86,100,5.19,VN,1603237036
436,magadi,12.97,69.8,100,75,3.36,IN,1603237036
437,porto novo,6.5,80.6,88,40,10.29,BJ,1603236871
438,ust-kuyga,70.02,8.58,94,99,6.64,RU,1603237036
439,chistogorskiy,53.98,36.1,83,93,4.88,RU,1603237036
440,bundaberg,-24.85,78.01,60,75,11.41,AU,1603237036
441,grand gaube,-20.01,73.99,73,1,5.99,MU,1603236793
442,novaya zaimka,56.49,36.63,90,81,9.53,RU,1603237037
443,port blair,11.67,80.78,83,55,13.82,IN,1603236727
444,port-gentil,-0.72,77.0,94,75,2.24,GA,1603237037
445,luganville,-15.53,82.4,78,75,11.41,VU,1603237037
446,limpapa,7.12,80.6,94,75,3.36,PH,1603237037
447,rio grande,-32.03,64.0,84,100,4.0,BR,1603236788
448,dudinka,69.41,8.6,84,75,2.24,RU,1603237037
449,turinsk,58.05,31.84,98,41,5.66,RU,1603237038
450,pavilosta,56.89,46.4,87,100,6.93,LV,1603237038
451,galle,6.04,79.12,85,11,12.08,LK,1603236866
452,bam,29.11,59.85,20,0,10.13,IR,1603237038
453,qeshm,26.96,64.4,72,0,4.7,IR,1603237038
454,staritsa,56.51,30.06,98,13,5.61,RU,1603237038
455,taseyevo,57.22,35.47,96,100,5.53,RU,1603237039
456,half moon bay,37.46,82.99,77,1,3.36,US,1603236773
457,la ligua,-32.45,62.6,67,0,8.05,CL,1603237039
458,isiro,2.77,63.88,96,100,1.32,CD,1603237039
459,tessalit,20.2,81.63,16,0,7.43,ML,1603237039
460,abu zabad,12.35,81.5,28,0,4.34,SD,1603237039
461,san jose,37.34,88.0,39,1,13.87,US,1603236749
462,eureka,40.8,73.4,46,1,16.11,US,1603236877
463,skibbereen,51.55,44.6,100,20,5.82,IE,1603237040
464,wanaka,-44.7,55.06,41,19,5.23,NZ,1603237040
465,cochrane,51.18,33.8,64,1,10.29,CA,1603236855
466,sidi ali,36.1,71.35,27,74,15.9,DZ,1603237040
467,grindavik,63.84,37.4,86,90,5.82,IS,1603236918
468,bajil,15.06,85.39,54,0,1.52,YE,1603237040
469,bartica,6.4,78.8,94,40,6.93,GY,1603237041
470,luderitz,-26.65,63.09,48,0,19.86,NA,1603236882
471,morondava,-20.28,75.0,57,0,9.82,MG,1603237041
472,buta,2.79,70.32,98,95,1.5,CD,1603237041
473,mount isa,-20.73,91.4,16,1,9.17,AU,1603236708
474,eirunepe,-6.66,74.41,92,79,0.47,BR,1603237041
475,novaya igirma,57.13,25.43,98,87,4.05,RU,1603237041
476,ladushkin,54.57,46.4,87,100,6.71,RU,1603237042
477,takaka,-40.85,61.0,65,22,8.01,NZ,1603237042
478,esmeraldas,-19.76,62.6,100,90,3.36,BR,1603237042
479,troitsko-pechorsk,62.71,27.99,98,88,3.8,RU,1603237042
480,bowen,-20.02,78.8,65,90,8.05,AU,1603236877
481,benguela,-12.58,73.63,81,79,3.91,AO,1603237042
482,kihei,20.79,91.4,43,40,9.17,US,1603237043
483,birao,10.28,74.46,61,35,3.27,CF,1603237043
484,mahon,39.89,68.0,88,87,16.11,ES,1603236756
485,mayo,38.89,66.0,100,1,6.93,US,1603236911
486,ahipara,-35.17,67.28,56,100,5.73,NZ,1603236862
487,vega de alatorre,20.03,78.57,79,11,5.57,MX,1603237043
488,alugan,12.22,82.36,79,100,10.29,PH,1603237043
489,willowmore,-33.29,48.56,83,0,6.31,ZA,1603237044
490,saint-pierre,-21.34,71.6,60,33,6.93,RE,1603236885
491,halifax,44.65,60.01,94,96,1.01,CA,1603236950
492,aktau,43.65,50.0,81,87,4.47,KZ,1603237044
493,sao francisco,-15.95,70.09,84,89,2.98,BR,1603237044
494,evensk,61.95,34.63,86,92,5.68,RU,1603236908
495,outjo,-20.12,63.86,29,0,7.38,NA,1603237045
496,flinders,-34.58,72.0,66,17,4.0,AU,1603237045
497,whitehorse,60.72,23.0,53,75,8.05,CA,1603236692
498,vao,-22.67,73.15,84,45,14.16,NC,1603236789
499,victoria,22.29,72.0,72,37,17.81,HK,1603236730
500,kahului,20.89,91.4,43,40,9.17,US,1603236618
501,kaura namoda,12.59,80.24,29,0,3.18,NG,1603237045
502,likasi,-10.98,66.36,54,10,2.33,CD,1603237045
503,inirida,3.87,77.74,87,100,1.39,CO,1603237046
504,imbituba,-28.24,71.6,94,20,8.05,BR,1603237046
505,nuuk,64.18,33.8,90,75,16.11,GL,1603237046
506,orange walk,17.83,86.0,74,20,4.7,BZ,1603237046
507,lorengau,-2.02,86.27,60,49,3.71,PG,1603236931
508,mwinilunga,-11.74,65.48,41,0,4.18,ZM,1603237047
509,la crosse,43.8,39.0,94,90,6.93,US,1603236827
510,maltahohe,-24.83,59.25,33,0,12.77,NA,1603237047
511,harper,4.38,77.18,82,98,6.87,LR,1603236784
512,waingapu,-9.66,83.34,62,34,2.82,ID,1603237047
513,araceli,10.55,82.8,79,100,14.67,PH,1603237047
514,sibolga,1.74,77.81,80,42,3.31,ID,1603237047
515,faya,18.39,57.2,24,0,4.7,SA,1603237048
516,praia da vitoria,38.73,62.6,63,40,27.29,PT,1603237048
517,mendoza,-32.89,73.4,33,3,3.36,AR,1603236792
518,bari sadri,24.42,73.29,46,4,4.07,IN,1603237048
519,gat,31.61,73.99,100,0,1.36,IL,1603236892
520,norman wells,65.28,23.0,85,75,12.75,CA,1603236910
521,ranipur,27.29,66.2,77,0,5.95,PK,1603237048
522,juba,4.85,71.47,93,97,3.85,SS,1603237049
523,codrington,-38.27,56.68,71,16,4.21,AU,1603236748
524,dondo,-19.61,77.0,88,20,11.41,MZ,1603237049
525,cidreira,-30.18,68.16,94,26,6.82,BR,1603236852
526,oktyabrskoye,43.06,50.0,87,100,2.24,RU,1603236854
527,annau,37.89,60.8,26,0,6.93,TM,1603237049
528,bosobolo,4.18,71.53,94,100,2.53,CD,1603237049
529,elizabeth city,36.29,70.0,100,90,8.05,US,1603237049
530,zhuhai,22.28,69.8,73,20,19.46,CN,1603236887
531,saravan,39.72,53.6,62,20,6.93,AM,1603237050
532,zhangye,38.93,44.29,49,0,5.68,CN,1603237050
533,gorontalo,0.54,82.72,69,100,3.85,ID,1603237050
534,bilibino,68.05,21.27,94,84,2.13,RU,1603236882
535,lakes entrance,-37.88,61.0,79,100,6.11,AU,1603237050
536,ahuimanu,21.44,84.2,62,75,14.99,US,1603236902
537,mackay,-21.15,80.6,65,40,13.87,AU,1603237051
538,angoram,-4.06,88.56,61,99,0.83,PG,1603237051
539,todos santos,23.45,84.0,77,0,4.0,MX,1603236942
540,sakaiminato,35.55,55.4,82,75,7.45,JP,1603236816
541,nizhniy kuranakh,58.84,25.5,97,100,4.29,RU,1603237051
542,sairang,23.8,72.32,90,76,1.25,IN,1603237051
543,westport,41.14,64.4,88,1,5.82,US,1603236894
544,bilma,18.69,79.32,17,0,4.63,NE,1603236896
545,awjilah,29.11,66.87,65,0,11.61,LY,1603237052
546,umm kaddadah,13.6,84.51,13,0,15.61,SD,1603237052
547,brae,60.4,48.2,93,100,25.28,GB,1603237052
548,pangkalanbuun,-2.68,79.63,89,81,0.4,ID,1603237012
549,tazovskiy,67.47,20.57,98,100,15.48,RU,1603236935
550,erzin,36.96,72.0,75,3,5.01,TR,1603236896
551,yakeshi,49.28,33.26,95,100,8.99,CN,1603237053
552,lake havasu city,34.48,96.01,8,1,7.94,US,1603237053
553,kommunisticheskiy,61.68,28.89,98,73,4.83,RU,1603237053
554,ouro preto do oeste,-10.75,82.4,55,45,4.74,BR,1603237054
555,padang,-0.95,80.17,71,79,3.74,ID,1603236727
556,jacareacanga,-6.22,82.74,57,63,1.5,BR,1603237054
557,mokhotlong,-29.29,46.99,80,40,7.0,LS,1603237054
558,amga,60.9,21.22,96,100,4.07,RU,1603237055
559,kizilskoye,52.73,36.34,81,5,5.84,RU,1603237055
560,lucea,18.45,82.4,83,40,5.82,JM,1603236882
561,pitimbu,-7.47,77.0,83,40,5.82,BR,1603236835
562,el bagre,7.59,77.16,91,88,1.81,CO,1603237055
563,najran,17.49,64.4,23,0,6.93,SA,1603236900
564,solnechnyy,50.72,41.56,66,86,9.33,RU,1603236742
565,sagar,23.83,70.54,35,2,3.74,IN,1603237056
566,buala,-8.14,85.51,68,97,5.5,SB,1603236887
567,edd,13.93,83.35,67,0,2.15,ER,1603237056
568,linhai,28.85,69.01,61,87,3.24,CN,1603237056
569,ponot,8.45,82.0,94,98,5.88,PH,1603237056
570,hadrut,39.52,54.0,87,92,6.58,AZ,1603237057
571,vikindu,-7.01,72.07,92,5,3.31,TZ,1603237057
572,la ronge,55.1,26.6,63,90,2.24,CA,1603236929
573,luangwa,-15.62,77.67,29,0,2.39,ZM,1603237057
574,aragats,40.49,55.4,82,20,4.7,AM,1603237057
575,maiduguri,11.85,78.87,25,18,1.7,NG,1603237057
576,san francisco,37.77,80.6,36,20,14.99,US,1603236787
577,ginir,7.13,56.48,69,6,4.83,ET,1603237058
578,taitung,22.76,77.0,78,75,6.93,TW,1603237058
579,osmena,10.52,82.42,80,100,13.8,PH,1603237058
580,kokopo,-4.35,82.53,71,76,0.85,PG,1603237058
581,pimenta bueno,-11.67,81.19,56,27,2.1,BR,1603237058
582,sudak,44.85,51.98,55,0,5.97,UA,1603237058
583,sibu,2.3,75.2,94,40,3.36,MY,1603237058
584,saldanha,-33.01,46.4,81,0,3.36,ZA,1603236816
585,planeta rica,8.41,78.21,83,51,4.27,CO,1603237059
586,poplar bluff,36.76,68.0,87,75,4.7,US,1603236820
587,arrifes,37.77,60.8,67,40,11.41,PT,1603237059
588,college,64.86,23.0,79,90,0.96,US,1603236769
589,cabinda,-5.55,76.6,86,97,5.1,AO,1603237059
590,riviere-du-loup,47.83,39.97,82,98,7.11,CA,1603236889
591,yanam,16.73,74.62,95,98,3.76,IN,1603237060
592,high prairie,55.43,26.26,97,99,4.59,CA,1603237060
593,novo aripuana,-5.12,84.2,58,56,1.39,BR,1603237060
594,la cruz,23.92,89.01,75,26,8.01,MX,1603237060
595,sobolevo,54.43,34.21,90,90,4.97,RU,1603237060
596,ormond beach,29.29,81.0,78,40,9.17,US,1603237060
597,chipata,-13.63,71.85,47,0,10.78,ZM,1603237061
598,itarema,-2.92,79.27,74,16,16.71,BR,1603236829
599,saint-louis,16.33,87.8,38,13,7.56,SN,1603237061
600,stornoway,58.21,50.0,93,99,27.51,GB,1603237061
601,mayumba,-3.43,76.53,88,100,6.71,GA,1603236914
602,colares,38.8,62.01,98,57,18.32,PT,1603237061
